,"$\omega$, 1/c * $10^{-15}$","$V_{0}$, Volt",$\sigma_{V_{0}}$
0,3.1238002774607843,0.7163457267007323,0.2004191466400658
1,3.196964642411495,0.7706283704988582,0.09301343823492261
2,3.2188167589009793,0.9538099709397547,0.058494315049709276
3,3.2907958897778706,1.1925332574531347,0.2435785901280668
